component,mean_value,std_value
cardiometabolic_risk_high,0.1823784309487789,0.34782468129416166
hepatic_risk_high,0.07981269360997047,0.24349143820398242
renal_risk_high,0.14139399178733522,0.332165600364069
SIMBF_direct,0.13452837211536153,0.21049766813952467
SIMBF_interaction,0.011509011261859318,0.03658185679771537
SIMBF_total,0.14603738337722083,0.24065933569048506
