model,accuracy,weighted_f1
XGBoost,0.6501706484641638,0.6151887590486315
LogisticRegression,0.6262798634812287,0.5828364947241103
RandomForest,0.6220136518771331,0.5438703809426177
